<ImportExportXml xmlns:xsi="http://www.w3.org/2001/XMLSchema-instance">
  <Entities></Entities>
  <Roles></Roles>
  <Workflows></Workflows>
  <FieldSecurityProfiles></FieldSecurityProfiles>
  <Templates />
  <EntityMaps />
  <EntityRelationships />
  <OrganizationSettings />
  <optionsets />
  <WebResources>
    <WebResource>
      <WebResourceId>{0d64249b-634f-ea11-a812-000d3ab41607}</WebResourceId>
      <Name>cn_/scripts/organizationeditor.bundle.js</Name>
      <DisplayName>cn_/scripts/organizationeditor.bundle.js</DisplayName>
      <WebResourceType>3</WebResourceType>
      <IntroducedVersion>1.0.0.7</IntroducedVersion>
      <IsEnabledForMobileClient>0</IsEnabledForMobileClient>
      <IsAvailableForMobileOffline>0</IsAvailableForMobileOffline>
      <DependencyXml>&lt;Dependencies&gt;&lt;Dependency componentType="WebResource"/&gt;&lt;/Dependencies&gt;</DependencyXml>
      <IsCustomizable>1</IsCustomizable>
      <CanBeDeleted>1</CanBeDeleted>
      <IsHidden>0</IsHidden>
      <FileName>/WebResources/cn_scriptsorganizationeditorbundlejs0D64249B-634F-EA11-A812-000D3AB41607</FileName>
    </WebResource>
    <WebResource>
      <WebResourceId>{0a1d2206-8613-ea11-a811-000d3aba68ff}</WebResourceId>
      <Name>cn_/pages/organizationeditor.html</Name>
      <DisplayName>cn_/pages/organizationeditor.html</DisplayName>
      <LanguageCode>1033</LanguageCode>
      <WebResourceType>1</WebResourceType>
      <IntroducedVersion>1.0.0.0</IntroducedVersion>
      <IsEnabledForMobileClient>1</IsEnabledForMobileClient>
      <IsAvailableForMobileOffline>1</IsAvailableForMobileOffline>
      <DependencyXml>&lt;Dependencies&gt;&lt;Dependency componentType="WebResource"&gt;&lt;Library name="cn_/scripts/organizationeditor.bundle.js" displayName="cn_/scripts/organizationeditor.bundle.js" languagecode="" description="" libraryUniqueId="{40942807-3247-1aa6-56a7-009021463952}"/&gt;&lt;/Dependency&gt;&lt;/Dependencies&gt;</DependencyXml>
      <IsCustomizable>1</IsCustomizable>
      <CanBeDeleted>1</CanBeDeleted>
      <IsHidden>0</IsHidden>
      <FileName>/WebResources/cn_pagesorganizationeditorhtml0A1D2206-8613-EA11-A811-000D3ABA68FF</FileName>
    </WebResource>
  </WebResources>
  <CustomControls />
  <EntityDataProviders />
  <Languages>
    <Language>1033</Language>
    <Language>1043</Language>
    <Language>1031</Language>
  </Languages>
</ImportExportXml>