<ImportExportXml xmlns:xsi="http://www.w3.org/2001/XMLSchema-instance">
  <Entities></Entities>
  <Roles></Roles>
  <Workflows></Workflows>
  <FieldSecurityProfiles></FieldSecurityProfiles>
  <Templates />
  <EntityMaps />
  <EntityRelationships />
  <OrganizationSettings />
  <optionsets />
  <WebResources>
    <WebResource>
      <WebResourceId>{0a1d2206-8613-ea11-a811-000d3aba68ff}</WebResourceId>
      <Name>cn_/pages/organizationeditor.html</Name>
      <DisplayName>cn_/pages/organizationeditor.html</DisplayName>
      <LanguageCode>1033</LanguageCode>
      <WebResourceType>1</WebResourceType>
      <IntroducedVersion>1.0.0.0</IntroducedVersion>
      <IsEnabledForMobileClient>1</IsEnabledForMobileClient>
      <IsAvailableForMobileOffline>1</IsAvailableForMobileOffline>
      <DependencyXml>&lt;Dependencies&gt;&lt;Dependency componentType="WebResource"&gt;&lt;Library name="cn_/scripts/organizationeditor.js" displayName="cn_/scripts/organizationeditor.js" languagecode="" description="" libraryUniqueId="{a128cd74-26d7-18dc-716b-45deec37203d}"/&gt;&lt;Library name="cn_/scripts/organizationeditor_xrm.js" displayName="cn_/scripts/organizationeditor_xrm.js" languagecode="" description="" libraryUniqueId="{84995e59-4a39-3560-302d-a61859847d62}"/&gt;&lt;/Dependency&gt;&lt;/Dependencies&gt;</DependencyXml>
      <IsCustomizable>1</IsCustomizable>
      <CanBeDeleted>1</CanBeDeleted>
      <IsHidden>0</IsHidden>
      <FileName>/WebResources/cn_pagesorganizationeditorhtml0A1D2206-8613-EA11-A811-000D3ABA68FF</FileName>
    </WebResource>
    <WebResource>
      <WebResourceId>{f19ebe8e-8c13-ea11-a811-000d3aba68ff}</WebResourceId>
      <Name>cn_/scripts/organizationeditor_xrm.js</Name>
      <DisplayName>cn_/scripts/organizationeditor_xrm.js</DisplayName>
      <WebResourceType>3</WebResourceType>
      <IntroducedVersion>1.0.0.0</IntroducedVersion>
      <IsEnabledForMobileClient>0</IsEnabledForMobileClient>
      <IsAvailableForMobileOffline>0</IsAvailableForMobileOffline>
      <DependencyXml>&lt;Dependencies&gt;&lt;Dependency componentType="WebResource"/&gt;&lt;/Dependencies&gt;</DependencyXml>
      <IsCustomizable>1</IsCustomizable>
      <CanBeDeleted>1</CanBeDeleted>
      <IsHidden>0</IsHidden>
      <FileName>/WebResources/cn_scriptsorganizationeditor_xrmjsF19EBE8E-8C13-EA11-A811-000D3ABA68FF</FileName>
    </WebResource>
    <WebResource>
      <WebResourceId>{8911c2b4-a813-ea11-a811-000d3aba68ff}</WebResourceId>
      <Name>cn_/scripts/organizationeditor.js</Name>
      <DisplayName>cn_/scripts/organizationeditor.js</DisplayName>
      <WebResourceType>3</WebResourceType>
      <IntroducedVersion>1.0.0.0</IntroducedVersion>
      <IsEnabledForMobileClient>0</IsEnabledForMobileClient>
      <IsAvailableForMobileOffline>0</IsAvailableForMobileOffline>
      <DependencyXml>&lt;Dependencies&gt;&lt;Dependency componentType="WebResource"/&gt;&lt;/Dependencies&gt;</DependencyXml>
      <IsCustomizable>1</IsCustomizable>
      <CanBeDeleted>1</CanBeDeleted>
      <IsHidden>0</IsHidden>
      <FileName>/WebResources/cn_scriptsorganizationeditorjs8911C2B4-A813-EA11-A811-000D3ABA68FF</FileName>
    </WebResource>
    <WebResource>
      <WebResourceId>{6a5f521d-aa13-ea11-a811-000d3aba68ff}</WebResourceId>
      <Name>cn_/library/jquery/jquery-3.2.1.slim.min.js</Name>
      <DisplayName>jquery-3.2.1.slim.min.js</DisplayName>
      <WebResourceType>3</WebResourceType>
      <IntroducedVersion>1.0.0.0</IntroducedVersion>
      <IsEnabledForMobileClient>0</IsEnabledForMobileClient>
      <IsAvailableForMobileOffline>0</IsAvailableForMobileOffline>
      <DependencyXml>&lt;Dependencies&gt;&lt;Dependency componentType="WebResource"/&gt;&lt;/Dependencies&gt;</DependencyXml>
      <IsCustomizable>1</IsCustomizable>
      <CanBeDeleted>1</CanBeDeleted>
      <IsHidden>0</IsHidden>
      <FileName>/WebResources/cn_libraryjqueryjquery-321slimminjs6A5F521D-AA13-EA11-A811-000D3ABA68FF</FileName>
    </WebResource>
    <WebResource>
      <WebResourceId>{ecaefd2b-aa13-ea11-a811-000d3aba68ff}</WebResourceId>
      <Name>cn_/library/popper.js/1.14.7/umd/popper.min.js</Name>
      <DisplayName>cn_/library/popper.js/1.14.7/umd/popper.min.js</DisplayName>
      <WebResourceType>3</WebResourceType>
      <IntroducedVersion>1.0.0.0</IntroducedVersion>
      <IsEnabledForMobileClient>0</IsEnabledForMobileClient>
      <IsAvailableForMobileOffline>0</IsAvailableForMobileOffline>
      <DependencyXml>&lt;Dependencies&gt;&lt;Dependency componentType="WebResource"/&gt;&lt;/Dependencies&gt;</DependencyXml>
      <IsCustomizable>1</IsCustomizable>
      <CanBeDeleted>1</CanBeDeleted>
      <IsHidden>0</IsHidden>
      <FileName>/WebResources/cn_librarypopperjs1147umdpopperminjsECAEFD2B-AA13-EA11-A811-000D3ABA68FF</FileName>
    </WebResource>
    <WebResource>
      <WebResourceId>{8a753f39-aa13-ea11-a811-000d3aba68ff}</WebResourceId>
      <Name>cn_/library/bootstrap/4.3.1/js/bootstrap.min.js</Name>
      <DisplayName>cn_/library/bootstrap/4.3.1/js/bootstrap.min.js</DisplayName>
      <WebResourceType>3</WebResourceType>
      <IntroducedVersion>1.0.0.0</IntroducedVersion>
      <IsEnabledForMobileClient>0</IsEnabledForMobileClient>
      <IsAvailableForMobileOffline>0</IsAvailableForMobileOffline>
      <DependencyXml>&lt;Dependencies&gt;&lt;Dependency componentType="WebResource"/&gt;&lt;/Dependencies&gt;</DependencyXml>
      <IsCustomizable>1</IsCustomizable>
      <CanBeDeleted>1</CanBeDeleted>
      <IsHidden>0</IsHidden>
      <FileName>/WebResources/cn_librarybootstrap431jsbootstrapminjs8A753F39-AA13-EA11-A811-000D3ABA68FF</FileName>
    </WebResource>
    <WebResource>
      <WebResourceId>{cd9846ca-aa13-ea11-a811-000d3aba68ff}</WebResourceId>
      <Name>cn_/library/bootstrap/4.3.1/css/bootstrap.min.css</Name>
      <DisplayName>cn_/library/bootstrap/4.3.1/css/bootstrap.min.css</DisplayName>
      <WebResourceType>2</WebResourceType>
      <IntroducedVersion>1.0.0.0</IntroducedVersion>
      <IsEnabledForMobileClient>0</IsEnabledForMobileClient>
      <IsAvailableForMobileOffline>0</IsAvailableForMobileOffline>
      <DependencyXml>&lt;Dependencies&gt;&lt;Dependency componentType="WebResource"/&gt;&lt;/Dependencies&gt;</DependencyXml>
      <IsCustomizable>1</IsCustomizable>
      <CanBeDeleted>1</CanBeDeleted>
      <IsHidden>0</IsHidden>
      <FileName>/WebResources/cn_librarybootstrap431cssbootstrapmincssCD9846CA-AA13-EA11-A811-000D3ABA68FF</FileName>
    </WebResource>
    <WebResource>
      <WebResourceId>{1ba55c6d-4615-ea11-a811-000d3aba68ff}</WebResourceId>
      <Name>cn_/library/axios_0.19.0/dist/axios.min.js</Name>
      <DisplayName>cn_/library/axios@0.19.0/dist/axios.min.js</DisplayName>
      <WebResourceType>3</WebResourceType>
      <IntroducedVersion>1.0.0.4</IntroducedVersion>
      <IsEnabledForMobileClient>0</IsEnabledForMobileClient>
      <IsAvailableForMobileOffline>0</IsAvailableForMobileOffline>
      <DependencyXml>&lt;Dependencies&gt;&lt;Dependency componentType="WebResource"/&gt;&lt;/Dependencies&gt;</DependencyXml>
      <IsCustomizable>1</IsCustomizable>
      <CanBeDeleted>1</CanBeDeleted>
      <IsHidden>0</IsHidden>
      <FileName>/WebResources/cn_libraryaxios_0190distaxiosminjs1BA55C6D-4615-EA11-A811-000D3ABA68FF</FileName>
    </WebResource>
    <WebResource>
      <WebResourceId>{a8ec0fa4-4615-ea11-a811-000d3aba68ff}</WebResourceId>
      <Name>cn_/library/es6-promise_4/dist/es6-promise.auto.min.js</Name>
      <DisplayName>cn_/library/es6-promise@4/dist/es6-promise.auto.min.js</DisplayName>
      <WebResourceType>3</WebResourceType>
      <IntroducedVersion>1.0.0.4</IntroducedVersion>
      <IsEnabledForMobileClient>0</IsEnabledForMobileClient>
      <IsAvailableForMobileOffline>0</IsAvailableForMobileOffline>
      <DependencyXml>&lt;Dependencies&gt;&lt;Dependency componentType="WebResource"/&gt;&lt;/Dependencies&gt;</DependencyXml>
      <IsCustomizable>1</IsCustomizable>
      <CanBeDeleted>1</CanBeDeleted>
      <IsHidden>0</IsHidden>
      <FileName>/WebResources/cn_libraryes6-promise_4distes6-promiseautominjsA8EC0FA4-4615-EA11-A811-000D3ABA68FF</FileName>
    </WebResource>
    <WebResource>
      <WebResourceId>{058e04b5-4615-ea11-a811-000d3aba68ff}</WebResourceId>
      <Name>cn_/library/es6-promise_4/dist/es6-promise.min.js</Name>
      <DisplayName>cn_/library/es6-promise_4/dist/es6-promise.min.js</DisplayName>
      <WebResourceType>3</WebResourceType>
      <IntroducedVersion>1.0.0.4</IntroducedVersion>
      <IsEnabledForMobileClient>0</IsEnabledForMobileClient>
      <IsAvailableForMobileOffline>0</IsAvailableForMobileOffline>
      <DependencyXml>&lt;Dependencies&gt;&lt;Dependency componentType="WebResource"/&gt;&lt;/Dependencies&gt;</DependencyXml>
      <IsCustomizable>1</IsCustomizable>
      <CanBeDeleted>1</CanBeDeleted>
      <IsHidden>0</IsHidden>
      <FileName>/WebResources/cn_libraryes6-promise_4distes6-promiseminjs058E04B5-4615-EA11-A811-000D3ABA68FF</FileName>
    </WebResource>
  </WebResources>
  <CustomControls />
  <EntityDataProviders />
  <Languages>
    <Language>1033</Language>
  </Languages>
</ImportExportXml>